count,name,id,year
67,Grand Boulevard,278,2004
73,Grand Boulevard,278,2005
54,Grand Boulevard,278,2006
70,Grand Boulevard,278,2007
70,Grand Boulevard,278,2008
54,Grand Boulevard,278,2009
47,Grand Boulevard,278,2010
40,Grand Boulevard,278,2011
43,Grand Boulevard,278,2012
53,Grand Boulevard,278,2013
21,Grand Boulevard,278,2014
18,Grand Boulevard,278,2015
11,Grand Boulevard,278,2016
3,Printers Row,279,2004
9,Printers Row,279,2005
8,Printers Row,279,2006
6,Printers Row,279,2007
8,Printers Row,279,2009
13,Printers Row,279,2010
8,Printers Row,279,2011
9,Printers Row,279,2012
13,Printers Row,279,2013
3,Printers Row,279,2014
5,Printers Row,279,2015
1,Printers Row,279,2016
56,United Center,280,2004
50,United Center,280,2005
52,United Center,280,2006
36,United Center,280,2007
58,United Center,280,2008
43,United Center,280,2009
42,United Center,280,2010
52,United Center,280,2011
42,United Center,280,2012
26,United Center,280,2013
27,United Center,280,2014
19,United Center,280,2015
9,United Center,280,2016
4,Sheffield & DePaul,281,2004
8,Sheffield & DePaul,281,2005
16,Sheffield & DePaul,281,2006
10,Sheffield & DePaul,281,2007
10,Sheffield & DePaul,281,2008
3,Sheffield & DePaul,281,2009
12,Sheffield & DePaul,281,2010
13,Sheffield & DePaul,281,2011
10,Sheffield & DePaul,281,2012
9,Sheffield & DePaul,281,2013
13,Sheffield & DePaul,281,2014
6,Sheffield & DePaul,281,2015
246,Humboldt Park,282,2004
315,Humboldt Park,282,2005
275,Humboldt Park,282,2006
210,Humboldt Park,282,2007
232,Humboldt Park,282,2008
259,Humboldt Park,282,2009
287,Humboldt Park,282,2010
276,Humboldt Park,282,2011
256,Humboldt Park,282,2012
254,Humboldt Park,282,2013
210,Humboldt Park,282,2014
241,Humboldt Park,282,2015
41,Humboldt Park,282,2016
359,Garfield Park,283,2004
384,Garfield Park,283,2005
379,Garfield Park,283,2006
332,Garfield Park,283,2007
290,Garfield Park,283,2008
373,Garfield Park,283,2009
381,Garfield Park,283,2010
410,Garfield Park,283,2011
323,Garfield Park,283,2012
310,Garfield Park,283,2013
473,Garfield Park,283,2014
371,Garfield Park,283,2015
73,Garfield Park,283,2016
191,North Lawndale,284,2004
233,North Lawndale,284,2005
196,North Lawndale,284,2006
210,North Lawndale,284,2007
252,North Lawndale,284,2008
229,North Lawndale,284,2009
225,North Lawndale,284,2010
186,North Lawndale,284,2011
187,North Lawndale,284,2012
277,North Lawndale,284,2013
253,North Lawndale,284,2014
241,North Lawndale,284,2015
53,North Lawndale,284,2016
57,Little Village,285,2004
88,Little Village,285,2005
77,Little Village,285,2006
69,Little Village,285,2007
92,Little Village,285,2008
89,Little Village,285,2009
126,Little Village,285,2010
103,Little Village,285,2011
59,Little Village,285,2012
90,Little Village,285,2013
111,Little Village,285,2014
62,Little Village,285,2015
11,Little Village,285,2016
5,Armour Square,286,2004
6,Armour Square,286,2005
17,Armour Square,286,2006
2,Armour Square,286,2007
5,Armour Square,286,2008
24,Armour Square,286,2009
14,Armour Square,286,2010
14,Armour Square,286,2011
13,Armour Square,286,2012
16,Armour Square,286,2013
8,Armour Square,286,2014
9,Armour Square,286,2015
4,Avalon Park,287,2004
23,Avalon Park,287,2005
12,Avalon Park,287,2006
21,Avalon Park,287,2007
14,Avalon Park,287,2008
16,Avalon Park,287,2009
14,Avalon Park,287,2010
15,Avalon Park,287,2011
18,Avalon Park,287,2012
16,Avalon Park,287,2013
32,Avalon Park,287,2014
16,Avalon Park,287,2015
16,Avalon Park,287,2016
6,Burnside,288,2004
7,Burnside,288,2005
5,Burnside,288,2006
6,Burnside,288,2007
8,Burnside,288,2008
7,Burnside,288,2009
8,Burnside,288,2010
3,Burnside,288,2011
13,Burnside,288,2012
5,Burnside,288,2013
9,Burnside,288,2014
10,Burnside,288,2015
14,Calumet Heights,289,2004
36,Calumet Heights,289,2005
19,Calumet Heights,289,2006
22,Calumet Heights,289,2007
22,Calumet Heights,289,2008
32,Calumet Heights,289,2009
19,Calumet Heights,289,2010
31,Calumet Heights,289,2011
30,Calumet Heights,289,2012
34,Calumet Heights,289,2013
24,Calumet Heights,289,2014
38,Calumet Heights,289,2015
5,Calumet Heights,289,2016
48,Pullman,290,2004
62,Pullman,290,2005
24,Pullman,290,2006
39,Pullman,290,2007
39,Pullman,290,2008
38,Pullman,290,2009
51,Pullman,290,2010
34,Pullman,290,2011
72,Pullman,290,2012
39,Pullman,290,2013
58,Pullman,290,2014
36,Pullman,290,2015
2,Pullman,290,2016
14,Riverdale,291,2004
10,Riverdale,291,2005
13,Riverdale,291,2006
16,Riverdale,291,2007
18,Riverdale,291,2008
14,Riverdale,291,2009
38,Riverdale,291,2010
31,Riverdale,291,2011
34,Riverdale,291,2012
14,Riverdale,291,2013
30,Riverdale,291,2014
13,Riverdale,291,2015
9,Riverdale,291,2016
2,Hegewisch,292,2004
6,Hegewisch,292,2005
3,Hegewisch,292,2006
2,Hegewisch,292,2007
7,Hegewisch,292,2008
7,Hegewisch,292,2009
2,Hegewisch,292,2010
6,Hegewisch,292,2011
14,Hegewisch,292,2012
17,Hegewisch,292,2013
1,Hegewisch,292,2014
6,Hegewisch,292,2015
38,Douglas,293,2004
81,Douglas,293,2005
76,Douglas,293,2006
74,Douglas,293,2007
52,Douglas,293,2008
28,Douglas,293,2009
16,Douglas,293,2010
20,Douglas,293,2011
20,Douglas,293,2012
17,Douglas,293,2013
20,Douglas,293,2014
15,Douglas,293,2015
3,Douglas,293,2016
3,Oakland,294,2004
5,Oakland,294,2005
7,Oakland,294,2006
8,Oakland,294,2007
11,Oakland,294,2008
10,Oakland,294,2009
7,Oakland,294,2010
12,Oakland,294,2011
1,Oakland,294,2012
3,Oakland,294,2013
6,Oakland,294,2014
3,Oakland,294,2015
23,Fuller Park,295,2004
36,Fuller Park,295,2005
47,Fuller Park,295,2006
33,Fuller Park,295,2007
39,Fuller Park,295,2008
36,Fuller Park,295,2009
33,Fuller Park,295,2010
49,Fuller Park,295,2011
38,Fuller Park,295,2012
46,Fuller Park,295,2013
34,Fuller Park,295,2014
41,Fuller Park,295,2015
3,Fuller Park,295,2016
101,Woodlawn,296,2004
98,Woodlawn,296,2005
95,Woodlawn,296,2006
81,Woodlawn,296,2007
86,Woodlawn,296,2008
94,Woodlawn,296,2009
112,Woodlawn,296,2010
82,Woodlawn,296,2011
110,Woodlawn,296,2012
84,Woodlawn,296,2013
120,Woodlawn,296,2014
93,Woodlawn,296,2015
22,Woodlawn,296,2016
38,Portage Park,297,2004
62,Portage Park,297,2005
57,Portage Park,297,2006
48,Portage Park,297,2007
51,Portage Park,297,2008
67,Portage Park,297,2009
60,Portage Park,297,2010
52,Portage Park,297,2011
31,Portage Park,297,2012
45,Portage Park,297,2013
32,Portage Park,297,2014
52,Portage Park,297,2015
5,Portage Park,297,2016
19,Hermosa,298,2004
29,Hermosa,298,2005
17,Hermosa,298,2006
20,Hermosa,298,2007
31,Hermosa,298,2008
50,Hermosa,298,2009
21,Hermosa,298,2010
31,Hermosa,298,2011
22,Hermosa,298,2012
28,Hermosa,298,2013
22,Hermosa,298,2014
28,Hermosa,298,2015
3,Hermosa,298,2016
42,Avondale,299,2004
29,Avondale,299,2005
45,Avondale,299,2006
31,Avondale,299,2007
29,Avondale,299,2008
47,Avondale,299,2009
32,Avondale,299,2010
33,Avondale,299,2011
31,Avondale,299,2012
28,Avondale,299,2013
28,Avondale,299,2014
29,Avondale,299,2015
7,Avondale,299,2016
66,Logan Square,300,2004
120,Logan Square,300,2005
94,Logan Square,300,2006
69,Logan Square,300,2007
99,Logan Square,300,2008
113,Logan Square,300,2009
83,Logan Square,300,2010
65,Logan Square,300,2011
94,Logan Square,300,2012
54,Logan Square,300,2013
50,Logan Square,300,2014
38,Logan Square,300,2015
6,Logan Square,300,2016
58,"Little Italy, UIC",301,2004
54,"Little Italy, UIC",301,2005
99,"Little Italy, UIC",301,2006
74,"Little Italy, UIC",301,2007
70,"Little Italy, UIC",301,2008
78,"Little Italy, UIC",301,2009
56,"Little Italy, UIC",301,2010
57,"Little Italy, UIC",301,2011
51,"Little Italy, UIC",301,2012
54,"Little Italy, UIC",301,2013
49,"Little Italy, UIC",301,2014
40,"Little Italy, UIC",301,2015
16,"Little Italy, UIC",301,2016
10,Kenwood,302,2004
20,Kenwood,302,2005
13,Kenwood,302,2006
11,Kenwood,302,2007
18,Kenwood,302,2008
27,Kenwood,302,2009
17,Kenwood,302,2010
30,Kenwood,302,2011
5,Kenwood,302,2012
14,Kenwood,302,2013
9,Kenwood,302,2014
6,Kenwood,302,2015
8,Kenwood,302,2016
92,Rogers Park,303,2004
132,Rogers Park,303,2005
94,Rogers Park,303,2006
81,Rogers Park,303,2007
112,Rogers Park,303,2008
125,Rogers Park,303,2009
104,Rogers Park,303,2010
100,Rogers Park,303,2011
93,Rogers Park,303,2012
74,Rogers Park,303,2013
96,Rogers Park,303,2014
93,Rogers Park,303,2015
27,Rogers Park,303,2016
29,Jefferson Park,304,2004
28,Jefferson Park,304,2005
27,Jefferson Park,304,2006
13,Jefferson Park,304,2007
18,Jefferson Park,304,2008
21,Jefferson Park,304,2009
20,Jefferson Park,304,2010
22,Jefferson Park,304,2011
14,Jefferson Park,304,2012
30,Jefferson Park,304,2013
32,Jefferson Park,304,2014
36,Jefferson Park,304,2015
2,Jefferson Park,304,2016
4,"Sauganash,Forest Glen",305,2005
11,"Sauganash,Forest Glen",305,2006
2,"Sauganash,Forest Glen",305,2007
4,"Sauganash,Forest Glen",305,2008
2,"Sauganash,Forest Glen",305,2009
1,"Sauganash,Forest Glen",305,2010
2,"Sauganash,Forest Glen",305,2011
10,"Sauganash,Forest Glen",305,2012
2,"Sauganash,Forest Glen",305,2013
11,"Sauganash,Forest Glen",305,2014
7,"Sauganash,Forest Glen",305,2015
3,"Sauganash,Forest Glen",305,2016
9,North Park,306,2004
9,North Park,306,2005
17,North Park,306,2006
16,North Park,306,2007
13,North Park,306,2008
4,North Park,306,2009
17,North Park,306,2010
13,North Park,306,2011
5,North Park,306,2012
15,North Park,306,2013
14,North Park,306,2014
8,North Park,306,2015
4,North Park,306,2016
53,Albany Park,307,2004
54,Albany Park,307,2005
41,Albany Park,307,2006
56,Albany Park,307,2007
51,Albany Park,307,2008
61,Albany Park,307,2009
56,Albany Park,307,2010
46,Albany Park,307,2011
47,Albany Park,307,2012
47,Albany Park,307,2013
43,Albany Park,307,2014
36,Albany Park,307,2015
5,Albany Park,307,2016
38,Irving Park,308,2004
61,Irving Park,308,2005
51,Irving Park,308,2006
31,Irving Park,308,2007
33,Irving Park,308,2008
42,Irving Park,308,2009
34,Irving Park,308,2010
42,Irving Park,308,2011
22,Irving Park,308,2012
41,Irving Park,308,2013
24,Irving Park,308,2014
18,Irving Park,308,2015
6,Irving Park,308,2016
18,Dunning,309,2004
13,Dunning,309,2005
17,Dunning,309,2006
21,Dunning,309,2007
10,Dunning,309,2008
13,Dunning,309,2009
21,Dunning,309,2010
24,Dunning,309,2011
19,Dunning,309,2012
10,Dunning,309,2013
30,Dunning,309,2014
21,Dunning,309,2015
3,Dunning,309,2016
26,West Ridge,310,2004
32,West Ridge,310,2005
57,West Ridge,310,2006
53,West Ridge,310,2007
82,West Ridge,310,2008
63,West Ridge,310,2009
91,West Ridge,310,2010
51,West Ridge,310,2011
53,West Ridge,310,2012
49,West Ridge,310,2013
46,West Ridge,310,2014
67,West Ridge,310,2015
8,West Ridge,310,2016
99,Uptown,311,2004
146,Uptown,311,2005
84,Uptown,311,2006
89,Uptown,311,2007
88,Uptown,311,2008
80,Uptown,311,2009
90,Uptown,311,2010
85,Uptown,311,2011
96,Uptown,311,2012
75,Uptown,311,2013
60,Uptown,311,2014
67,Uptown,311,2015
10,Uptown,311,2016
18,Norwood Park,312,2004
14,Norwood Park,312,2005
4,Norwood Park,312,2006
10,Norwood Park,312,2007
9,Norwood Park,312,2008
5,Norwood Park,312,2009
18,Norwood Park,312,2010
18,Norwood Park,312,2011
9,Norwood Park,312,2012
11,Norwood Park,312,2013
8,Norwood Park,312,2014
5,Norwood Park,312,2015
1,Norwood Park,312,2016
22,Streeterville,313,2004
22,Streeterville,313,2005
20,Streeterville,313,2006
19,Streeterville,313,2007
25,Streeterville,313,2008
20,Streeterville,313,2009
27,Streeterville,313,2010
31,Streeterville,313,2011
46,Streeterville,313,2012
40,Streeterville,313,2013
37,Streeterville,313,2014
36,Streeterville,313,2015
15,Streeterville,313,2016
116,South Shore,314,2004
141,South Shore,314,2005
132,South Shore,314,2006
146,South Shore,314,2007
187,South Shore,314,2008
156,South Shore,314,2009
136,South Shore,314,2010
185,South Shore,314,2011
170,South Shore,314,2012
144,South Shore,314,2013
147,South Shore,314,2014
210,South Shore,314,2015
57,South Shore,314,2016
48,Chatham,315,2004
71,Chatham,315,2005
55,Chatham,315,2006
93,Chatham,315,2007
81,Chatham,315,2008
103,Chatham,315,2009
111,Chatham,315,2010
104,Chatham,315,2011
124,Chatham,315,2012
115,Chatham,315,2013
132,Chatham,315,2014
126,Chatham,315,2015
29,Chatham,315,2016
52,South Chicago,316,2004
89,South Chicago,316,2005
82,South Chicago,316,2006
69,South Chicago,316,2007
82,South Chicago,316,2008
86,South Chicago,316,2009
66,South Chicago,316,2010
100,South Chicago,316,2011
109,South Chicago,316,2012
107,South Chicago,316,2013
115,South Chicago,316,2014
132,South Chicago,316,2015
35,South Chicago,316,2016
97,Roseland,317,2004
135,Roseland,317,2005
119,Roseland,317,2006
114,Roseland,317,2007
142,Roseland,317,2008
190,Roseland,317,2009
148,Roseland,317,2010
159,Roseland,317,2011
180,Roseland,317,2012
153,Roseland,317,2013
145,Roseland,317,2014
133,Roseland,317,2015
14,Roseland,317,2016
13,North Center,318,2004
40,North Center,318,2005
37,North Center,318,2006
43,North Center,318,2007
24,North Center,318,2008
13,North Center,318,2009
23,North Center,318,2010
37,North Center,318,2011
29,North Center,318,2012
31,North Center,318,2013
25,North Center,318,2014
17,North Center,318,2015
4,North Center,318,2016
48,South Deering,319,2004
26,South Deering,319,2005
26,South Deering,319,2006
35,South Deering,319,2007
44,South Deering,319,2008
28,South Deering,319,2009
25,South Deering,319,2010
53,South Deering,319,2011
56,South Deering,319,2012
63,South Deering,319,2013
48,South Deering,319,2014
71,South Deering,319,2015
18,South Deering,319,2016
6,East Side,320,2004
21,East Side,320,2005
17,East Side,320,2006
8,East Side,320,2007
12,East Side,320,2008
19,East Side,320,2009
17,East Side,320,2010
27,East Side,320,2011
24,East Side,320,2012
22,East Side,320,2013
31,East Side,320,2014
33,East Side,320,2015
2,East Side,320,2016
81,West Pullman,321,2004
67,West Pullman,321,2005
79,West Pullman,321,2006
90,West Pullman,321,2007
64,West Pullman,321,2008
122,West Pullman,321,2009
77,West Pullman,321,2010
87,West Pullman,321,2011
82,West Pullman,321,2012
76,West Pullman,321,2013
72,West Pullman,321,2014
88,West Pullman,321,2015
16,West Pullman,321,2016
27,Garfield Ridge,322,2004
23,Garfield Ridge,322,2005
41,Garfield Ridge,322,2006
24,Garfield Ridge,322,2007
38,Garfield Ridge,322,2008
36,Garfield Ridge,322,2009
27,Garfield Ridge,322,2010
31,Garfield Ridge,322,2011
38,Garfield Ridge,322,2012
43,Garfield Ridge,322,2013
23,Garfield Ridge,322,2014
43,Garfield Ridge,322,2015
6,Garfield Ridge,322,2016
139,New City,323,2004
134,New City,323,2005
151,New City,323,2006
161,New City,323,2007
169,New City,323,2008
184,New City,323,2009
132,New City,323,2010
137,New City,323,2011
151,New City,323,2012
103,New City,323,2013
103,New City,323,2014
120,New City,323,2015
24,New City,323,2016
309,Englewood,324,2004
414,Englewood,324,2005
281,Englewood,324,2006
261,Englewood,324,2007
304,Englewood,324,2008
288,Englewood,324,2009
368,Englewood,324,2010
297,Englewood,324,2011
402,Englewood,324,2012
440,Englewood,324,2013
395,Englewood,324,2014
429,Englewood,324,2015
74,Englewood,324,2016
103,Grand Crossing,325,2004
89,Grand Crossing,325,2005
104,Grand Crossing,325,2006
140,Grand Crossing,325,2007
154,Grand Crossing,325,2008
125,Grand Crossing,325,2009
160,Grand Crossing,325,2010
189,Grand Crossing,325,2011
209,Grand Crossing,325,2012
172,Grand Crossing,325,2013
185,Grand Crossing,325,2014
139,Grand Crossing,325,2015
35,Grand Crossing,325,2016
23,Ashburn,326,2004
23,Ashburn,326,2005
25,Ashburn,326,2006
23,Ashburn,326,2007
44,Ashburn,326,2008
54,Ashburn,326,2009
22,Ashburn,326,2010
40,Ashburn,326,2011
34,Ashburn,326,2012
32,Ashburn,326,2013
29,Ashburn,326,2014
30,Ashburn,326,2015
2,Ashburn,326,2016
2,Mount Greenwood,327,2004
8,Mount Greenwood,327,2005
4,Mount Greenwood,327,2006
6,Mount Greenwood,327,2007
9,Mount Greenwood,327,2008
6,Mount Greenwood,327,2009
23,Mount Greenwood,327,2010
6,Mount Greenwood,327,2011
9,Mount Greenwood,327,2012
15,Mount Greenwood,327,2013
8,Mount Greenwood,327,2014
4,Mount Greenwood,327,2015
1,Mount Greenwood,327,2016
33,Morgan Park,328,2004
45,Morgan Park,328,2005
33,Morgan Park,328,2006
33,Morgan Park,328,2007
36,Morgan Park,328,2008
59,Morgan Park,328,2009
45,Morgan Park,328,2010
41,Morgan Park,328,2011
40,Morgan Park,328,2012
42,Morgan Park,328,2013
37,Morgan Park,328,2014
24,Morgan Park,328,2015
5,Morgan Park,328,2016
18,O'Hare,329,2004
10,O'Hare,329,2005
16,O'Hare,329,2006
24,O'Hare,329,2007
9,O'Hare,329,2008
8,O'Hare,329,2009
6,O'Hare,329,2010
2,O'Hare,329,2011
8,O'Hare,329,2012
6,O'Hare,329,2013
8,O'Hare,329,2014
1,O'Hare,329,2015
5,O'Hare,329,2016
2,Jackson Park,330,2004
3,Jackson Park,330,2005
4,Jackson Park,330,2006
3,Jackson Park,330,2007
8,Jackson Park,330,2008
3,Jackson Park,330,2010
4,Jackson Park,330,2011
3,Jackson Park,330,2012
1,Jackson Park,330,2013
8,Jackson Park,330,2014
1,Jackson Park,330,2015
33,Loop,331,2004
43,Loop,331,2005
48,Loop,331,2006
45,Loop,331,2007
30,Loop,331,2008
67,Loop,331,2009
94,Loop,331,2010
81,Loop,331,2011
76,Loop,331,2012
62,Loop,331,2013
77,Loop,331,2014
104,Loop,331,2015
32,Loop,331,2016
3,Greektown,332,2004
8,Greektown,332,2005
3,Greektown,332,2006
4,Greektown,332,2007
10,Greektown,332,2008
8,Greektown,332,2009
6,Greektown,332,2010
5,Greektown,332,2011
1,Greektown,332,2012
5,Greektown,332,2013
4,Greektown,332,2014
5,Museum Campus,333,2004
1,Museum Campus,333,2006
2,Museum Campus,333,2007
2,Museum Campus,333,2008
2,Museum Campus,333,2009
5,Museum Campus,333,2010
3,Museum Campus,333,2011
3,Museum Campus,333,2012
5,Museum Campus,333,2013
7,Museum Campus,333,2014
9,Museum Campus,333,2015
44,Edgewater,334,2004
61,Edgewater,334,2005
38,Edgewater,334,2006
43,Edgewater,334,2007
45,Edgewater,334,2008
35,Edgewater,334,2009
49,Edgewater,334,2010
62,Edgewater,334,2011
59,Edgewater,334,2012
45,Edgewater,334,2013
37,Edgewater,334,2014
33,Edgewater,334,2015
13,Edgewater,334,2016
79,Lake View,335,2004
106,Lake View,335,2005
78,Lake View,335,2006
86,Lake View,335,2007
87,Lake View,335,2008
103,Lake View,335,2009
103,Lake View,335,2010
89,Lake View,335,2011
109,Lake View,335,2012
127,Lake View,335,2013
114,Lake View,335,2014
79,Lake View,335,2015
12,Lake View,335,2016
40,Lincoln Park,336,2004
23,Lincoln Park,336,2005
31,Lincoln Park,336,2006
44,Lincoln Park,336,2007
28,Lincoln Park,336,2008
43,Lincoln Park,336,2009
35,Lincoln Park,336,2010
25,Lincoln Park,336,2011
23,Lincoln Park,336,2012
32,Lincoln Park,336,2013
32,Lincoln Park,336,2014
19,Lincoln Park,336,2015
1,Lincoln Park,336,2016
2,Magnificent Mile,337,2005
4,Magnificent Mile,337,2007
1,Magnificent Mile,337,2008
1,Magnificent Mile,337,2009
5,Magnificent Mile,337,2011
1,Magnificent Mile,337,2013
6,Magnificent Mile,337,2014
3,Magnificent Mile,337,2015
1,Magnificent Mile,337,2016
28,Lincoln Square,338,2004
43,Lincoln Square,338,2005
18,Lincoln Square,338,2006
35,Lincoln Square,338,2007
33,Lincoln Square,338,2008
31,Lincoln Square,338,2009
20,Lincoln Square,338,2010
30,Lincoln Square,338,2011
37,Lincoln Square,338,2012
34,Lincoln Square,338,2013
36,Lincoln Square,338,2014
17,Lincoln Square,338,2015
7,Lincoln Square,338,2016
76,Washington Park,339,2004
61,Washington Park,339,2005
59,Washington Park,339,2006
56,Washington Park,339,2007
49,Washington Park,339,2008
51,Washington Park,339,2009
57,Washington Park,339,2010
43,Washington Park,339,2011
38,Washington Park,339,2012
30,Washington Park,339,2013
52,Washington Park,339,2014
28,Washington Park,339,2015
6,Washington Park,339,2016
2,Millenium Park,340,2005
1,Millenium Park,340,2006
2,Millenium Park,340,2010
5,Millenium Park,340,2011
1,Millenium Park,340,2012
4,Millenium Park,340,2014
71,Near South Side,341,2004
112,Near South Side,341,2005
76,Near South Side,341,2006
68,Near South Side,341,2007
85,Near South Side,341,2008
53,Near South Side,341,2009
51,Near South Side,341,2010
37,Near South Side,341,2011
46,Near South Side,341,2012
59,Near South Side,341,2013
52,Near South Side,341,2014
40,Near South Side,341,2015
9,Near South Side,341,2016
96,Chicago Lawn,342,2004
152,Chicago Lawn,342,2005
116,Chicago Lawn,342,2006
132,Chicago Lawn,342,2007
157,Chicago Lawn,342,2008
138,Chicago Lawn,342,2009
152,Chicago Lawn,342,2010
193,Chicago Lawn,342,2011
195,Chicago Lawn,342,2012
147,Chicago Lawn,342,2013
151,Chicago Lawn,342,2014
97,Chicago Lawn,342,2015
16,Chicago Lawn,342,2016
119,Auburn Gresham,343,2004
128,Auburn Gresham,343,2005
154,Auburn Gresham,343,2006
214,Auburn Gresham,343,2007
204,Auburn Gresham,343,2008
179,Auburn Gresham,343,2009
182,Auburn Gresham,343,2010
264,Auburn Gresham,343,2011
236,Auburn Gresham,343,2012
242,Auburn Gresham,343,2013
215,Auburn Gresham,343,2014
218,Auburn Gresham,343,2015
44,Auburn Gresham,343,2016
6,Beverly,344,2004
8,Beverly,344,2005
7,Beverly,344,2006
9,Beverly,344,2007
11,Beverly,344,2008
9,Beverly,344,2009
3,Beverly,344,2010
10,Beverly,344,2011
13,Beverly,344,2012
8,Beverly,344,2013
3,Beverly,344,2014
10,Beverly,344,2015
1,Beverly,344,2016
33,Washington Heights,345,2004
39,Washington Heights,345,2005
46,Washington Heights,345,2006
26,Washington Heights,345,2007
55,Washington Heights,345,2008
42,Washington Heights,345,2009
103,Washington Heights,345,2010
58,Washington Heights,345,2011
62,Washington Heights,345,2012
49,Washington Heights,345,2013
70,Washington Heights,345,2014
42,Washington Heights,345,2015
8,Washington Heights,345,2016
7,Edison Park,346,2004
3,Edison Park,346,2005
2,Edison Park,346,2006
5,Edison Park,346,2007
3,Edison Park,346,2008
1,Edison Park,346,2009
4,Edison Park,346,2010
5,Edison Park,346,2011
3,Edison Park,346,2013
3,Edison Park,346,2014
3,Edison Park,346,2015
1,Edison Park,346,2016
18,Hyde Park,347,2004
7,Hyde Park,347,2005
7,Hyde Park,347,2006
15,Hyde Park,347,2007
13,Hyde Park,347,2008
9,Hyde Park,347,2009
16,Hyde Park,347,2010
22,Hyde Park,347,2011
6,Hyde Park,347,2012
6,Hyde Park,347,2013
8,Hyde Park,347,2014
6,Hyde Park,347,2015
6,Grant Park,348,2005
9,Grant Park,348,2006
4,Grant Park,348,2007
8,Grant Park,348,2008
15,Grant Park,348,2009
8,Grant Park,348,2010
1,Grant Park,348,2011
5,Grant Park,348,2012
15,Grant Park,348,2013
4,Grant Park,348,2014
12,Grant Park,348,2015
31,West Loop,349,2004
50,West Loop,349,2005
61,West Loop,349,2006
40,West Loop,349,2007
77,West Loop,349,2008
64,West Loop,349,2009
39,West Loop,349,2010
60,West Loop,349,2011
44,West Loop,349,2012
33,West Loop,349,2013
26,West Loop,349,2014
35,West Loop,349,2015
23,West Loop,349,2016
3,Bucktown,350,2004
8,Bucktown,350,2005
8,Bucktown,350,2006
6,Bucktown,350,2007
6,Bucktown,350,2008
7,Bucktown,350,2009
13,Bucktown,350,2010
7,Bucktown,350,2011
5,Bucktown,350,2012
12,Bucktown,350,2013
12,Bucktown,350,2014
6,Bucktown,350,2015
1,Bucktown,350,2016
43,Lower West Side,351,2004
37,Lower West Side,351,2005
28,Lower West Side,351,2006
54,Lower West Side,351,2007
79,Lower West Side,351,2008
35,Lower West Side,351,2009
51,Lower West Side,351,2010
32,Lower West Side,351,2011
47,Lower West Side,351,2012
50,Lower West Side,351,2013
23,Lower West Side,351,2014
31,Lower West Side,351,2015
5,Lower West Side,351,2016
17,Wrigleyville,352,2004
24,Wrigleyville,352,2005
9,Wrigleyville,352,2006
7,Wrigleyville,352,2007
19,Wrigleyville,352,2008
13,Wrigleyville,352,2009
12,Wrigleyville,352,2010
10,Wrigleyville,352,2011
28,Wrigleyville,352,2012
20,Wrigleyville,352,2013
25,Wrigleyville,352,2014
34,Wrigleyville,352,2015
9,Wrigleyville,352,2016
5,Andersonville,353,2004
3,Andersonville,353,2005
9,Andersonville,353,2006
2,Andersonville,353,2007
6,Andersonville,353,2008
3,Andersonville,353,2009
8,Andersonville,353,2010
3,Andersonville,353,2011
3,Andersonville,353,2012
6,Andersonville,353,2013
2,Andersonville,353,2014
2,Andersonville,353,2015
52,Rush & Division,354,2004
60,Rush & Division,354,2005
91,Rush & Division,354,2006
58,Rush & Division,354,2007
31,Rush & Division,354,2008
20,Rush & Division,354,2009
55,Rush & Division,354,2010
66,Rush & Division,354,2011
44,Rush & Division,354,2012
54,Rush & Division,354,2013
38,Rush & Division,354,2014
23,Rush & Division,354,2015
15,Rush & Division,354,2016
15,Archer Heights,355,2004
5,Archer Heights,355,2005
6,Archer Heights,355,2006
4,Archer Heights,355,2007
9,Archer Heights,355,2008
7,Archer Heights,355,2009
5,Archer Heights,355,2010
18,Archer Heights,355,2011
21,Archer Heights,355,2012
6,Archer Heights,355,2013
7,Archer Heights,355,2014
8,Archer Heights,355,2015
15,Brighton Park,356,2004
33,Brighton Park,356,2005
36,Brighton Park,356,2006
27,Brighton Park,356,2007
37,Brighton Park,356,2008
43,Brighton Park,356,2009
40,Brighton Park,356,2010
22,Brighton Park,356,2011
32,Brighton Park,356,2012
40,Brighton Park,356,2013
45,Brighton Park,356,2014
34,Brighton Park,356,2015
5,Brighton Park,356,2016
15,Mckinley Park,357,2004
7,Mckinley Park,357,2005
8,Mckinley Park,357,2006
12,Mckinley Park,357,2007
12,Mckinley Park,357,2008
19,Mckinley Park,357,2009
19,Mckinley Park,357,2010
17,Mckinley Park,357,2011
29,Mckinley Park,357,2012
21,Mckinley Park,357,2013
9,Mckinley Park,357,2014
10,Mckinley Park,357,2015
5,Mckinley Park,357,2016
30,Bridgeport,358,2004
27,Bridgeport,358,2005
34,Bridgeport,358,2006
39,Bridgeport,358,2007
35,Bridgeport,358,2008
27,Bridgeport,358,2009
38,Bridgeport,358,2010
47,Bridgeport,358,2011
39,Bridgeport,358,2012
44,Bridgeport,358,2013
41,Bridgeport,358,2014
40,Bridgeport,358,2015
4,Bridgeport,358,2016
7,West Elsdon,359,2004
11,West Elsdon,359,2005
20,West Elsdon,359,2006
8,West Elsdon,359,2007
19,West Elsdon,359,2008
18,West Elsdon,359,2009
11,West Elsdon,359,2010
13,West Elsdon,359,2011
15,West Elsdon,359,2012
10,West Elsdon,359,2013
4,West Elsdon,359,2014
7,West Elsdon,359,2015
2,West Elsdon,359,2016
18,Gage Park,360,2004
41,Gage Park,360,2005
37,Gage Park,360,2006
21,Gage Park,360,2007
41,Gage Park,360,2008
55,Gage Park,360,2009
37,Gage Park,360,2010
40,Gage Park,360,2011
46,Gage Park,360,2012
26,Gage Park,360,2013
39,Gage Park,360,2014
26,Gage Park,360,2015
4,Gage Park,360,2016
8,Clearing,361,2004
12,Clearing,361,2005
11,Clearing,361,2006
19,Clearing,361,2007
27,Clearing,361,2008
24,Clearing,361,2009
16,Clearing,361,2010
6,Clearing,361,2011
17,Clearing,361,2012
22,Clearing,361,2013
22,Clearing,361,2014
13,Clearing,361,2015
5,Clearing,361,2016
11,West Lawn,362,2004
19,West Lawn,362,2005
15,West Lawn,362,2006
16,West Lawn,362,2007
25,West Lawn,362,2008
21,West Lawn,362,2009
11,West Lawn,362,2010
18,West Lawn,362,2011
16,West Lawn,362,2012
26,West Lawn,362,2013
31,West Lawn,362,2014
20,West Lawn,362,2015
2,West Lawn,362,2016
3,Chinatown,363,2004
4,Chinatown,363,2005
3,Chinatown,363,2006
10,Chinatown,363,2007
11,Chinatown,363,2008
5,Chinatown,363,2009
6,Chinatown,363,2010
5,Chinatown,363,2011
8,Chinatown,363,2012
5,Chinatown,363,2013
3,Chinatown,363,2014
7,Chinatown,363,2015
2,Chinatown,363,2016
13,East Village,364,2004
19,East Village,364,2005
8,East Village,364,2006
12,East Village,364,2007
4,East Village,364,2008
10,East Village,364,2009
9,East Village,364,2010
14,East Village,364,2011
9,East Village,364,2012
4,East Village,364,2013
4,East Village,364,2014
4,East Village,364,2015
18,West Town,365,2004
31,West Town,365,2005
17,West Town,365,2006
26,West Town,365,2007
40,West Town,365,2008
13,West Town,365,2009
33,West Town,365,2010
21,West Town,365,2011
41,West Town,365,2012
29,West Town,365,2013
10,West Town,365,2014
15,West Town,365,2015
4,West Town,365,2016
42,Wicker Park,366,2004
33,Wicker Park,366,2005
38,Wicker Park,366,2006
44,Wicker Park,366,2007
38,Wicker Park,366,2008
55,Wicker Park,366,2009
49,Wicker Park,366,2010
61,Wicker Park,366,2011
43,Wicker Park,366,2012
53,Wicker Park,366,2013
43,Wicker Park,366,2014
49,Wicker Park,366,2015
11,Wicker Park,366,2016
5,Galewood,367,2004
8,Galewood,367,2005
3,Galewood,367,2006
4,Galewood,367,2007
5,Galewood,367,2008
8,Galewood,367,2009
4,Galewood,367,2010
3,Galewood,367,2011
11,Galewood,367,2012
6,Galewood,367,2013
11,Galewood,367,2014
8,Galewood,367,2015
1,Galewood,367,2016
4,Montclare,368,2004
9,Montclare,368,2005
2,Montclare,368,2006
3,Montclare,368,2007
5,Montclare,368,2008
2,Montclare,368,2009
8,Montclare,368,2010
9,Montclare,368,2011
10,Montclare,368,2012
4,Montclare,368,2013
4,Montclare,368,2014
12,Montclare,368,2015
4,Montclare,368,2016
61,Belmont Cragin,369,2004
88,Belmont Cragin,369,2005
71,Belmont Cragin,369,2006
76,Belmont Cragin,369,2007
116,Belmont Cragin,369,2008
117,Belmont Cragin,369,2009
109,Belmont Cragin,369,2010
135,Belmont Cragin,369,2011
99,Belmont Cragin,369,2012
58,Belmont Cragin,369,2013
117,Belmont Cragin,369,2014
124,Belmont Cragin,369,2015
17,Belmont Cragin,369,2016
357,Austin,370,2004
409,Austin,370,2005
379,Austin,370,2006
367,Austin,370,2007
409,Austin,370,2008
511,Austin,370,2009
555,Austin,370,2010
553,Austin,370,2011
524,Austin,370,2012
518,Austin,370,2013
558,Austin,370,2014
535,Austin,370,2015
101,Austin,370,2016
6,Ukrainian Village,371,2004
8,Ukrainian Village,371,2005
11,Ukrainian Village,371,2006
3,Ukrainian Village,371,2007
8,Ukrainian Village,371,2008
1,Ukrainian Village,371,2009
7,Ukrainian Village,371,2010
8,Ukrainian Village,371,2011
4,Ukrainian Village,371,2012
7,Ukrainian Village,371,2014
12,Ukrainian Village,371,2015
2,Ukrainian Village,371,2016
11,Old Town,372,2004
36,Old Town,372,2005
28,Old Town,372,2006
27,Old Town,372,2007
33,Old Town,372,2008
18,Old Town,372,2009
23,Old Town,372,2010
19,Old Town,372,2011
16,Old Town,372,2012
28,Old Town,372,2013
19,Old Town,372,2014
31,Old Town,372,2015
3,Old Town,372,2016
8,Gold Coast,373,2004
5,Gold Coast,373,2005
20,Gold Coast,373,2006
7,Gold Coast,373,2007
7,Gold Coast,373,2008
7,Gold Coast,373,2009
7,Gold Coast,373,2010
7,Gold Coast,373,2011
21,Gold Coast,373,2012
8,Gold Coast,373,2013
7,Gold Coast,373,2014
16,Gold Coast,373,2015
5,Gold Coast,373,2016
10,Boystown,374,2004
8,Boystown,374,2005
5,Boystown,374,2006
8,Boystown,374,2007
2,Boystown,374,2008
9,Boystown,374,2009
7,Boystown,374,2010
8,Boystown,374,2011
4,Boystown,374,2012
5,Boystown,374,2013
6,Boystown,374,2014
7,Boystown,374,2015
1,Boystown,374,2016
121,River North,375,2004
152,River North,375,2005
144,River North,375,2006
138,River North,375,2007
125,River North,375,2008
157,River North,375,2009
148,River North,375,2010
108,River North,375,2011
118,River North,375,2012
129,River North,375,2013
98,River North,375,2014
76,River North,375,2015
13,River North,375,2016
